{"player1": {"average": 2.161764705882353, "games": 136, "sum": 294}, "player2": {"average": -2.161764705882353, "games": 136, "sum": -294}}