{"player1": {"average": 2.0714285714285716, "games": 140, "sum": 290}, "player2": {"average": -2.0714285714285716, "games": 140, "sum": -290}}