{"player1": {"average": 2.179310344827586, "games": 145, "sum": 316}, "player2": {"average": -2.1575342465753424, "games": 146, "sum": -315}}