{"player1": {"average": 2.2066666666666666, "games": 150, "sum": 331}, "player2": {"average": -2.185430463576159, "games": 151, "sum": -330}}