{"player1": {"average": 2.4846625766871164, "games": 163, "sum": 405}, "player2": {"average": -2.361963190184049, "games": 163, "sum": -385}}