{"player1": {"average": 0.6666666666666666, "games": 6, "sum": 4}, "player2": {"average": 0.8333333333333334, "games": 6, "sum": 5}}