{"player1": {"average": 2.2913907284768213, "games": 151, "sum": 346}, "player2": {"average": -2.2697368421052633, "games": 152, "sum": -345}}