{"player1": {"average": 2.3548387096774195, "games": 155, "sum": 365}, "player2": {"average": -2.2903225806451615, "games": 155, "sum": -355}}