{"player1": {"average": 2.3647798742138364, "games": 159, "sum": 376}, "player2": {"average": -2.29375, "games": 160, "sum": -367}}